datasetkey	datasetTitle	occurrenceCount
4fa7b334-ce0d-4e88-aaae-2e0c138d049e	EOD - eBird Observation Dataset	361429888
38b4c89f-584c-41bb-bd8f-cd1def33e92f	Artportalen (Swedish Species Observation System)	64483068
8a863029-f435-446a-821e-275f4f641165	Observation.org, Nature data from the Netherlands	26859363
b124e1e0-4755-430f-9eab-894f25a9b59c	Norwegian Species Observation Service	19718192
95db4db8-f762-11e1-a439-00145eb45e9a	DOF	19287097
906e6978-e292-4a8b-9c39-adf6bb0f3323	Southern African Bird Atlas Project 2: Full protocol records	11034325
4bf1cca8-832c-4891-9e17-7e7a65b7cc81	BirdLife Australia, Birdata	10153635
6ac3f774-d9fb-4796-b3e9-92bf6c81c084	naturgucker	9000005
83e20573-f7dd-4852-9159-21566e1e691e	Bird tracking - GPS tracking of Lesser Black-backed Gulls and Herring Gulls breeding at the southern North Sea coast	8474604
82cb293c-f762-11e1-a439-00145eb45e9a	Great Backyard Bird Count	7076556
50c9509d-22c7-4a22-a47d-8c48425ef4a7	iNaturalist Research-grade Observations	6577343
271c444f-f8d8-4986-b748-e7367755c0c1	Florabank1 - A grid-based database on vascular plant distribution in the northern part of Belgium (Flanders and the Brussels Capital region)	4138067
73d4365a-8868-4d84-a6fd-51098b968170	First Bird Atlas	2712345
912ac7b3-f473-435b-97d1-20b6ed0a6208	RSPB Big Garden Birdwatch winter sightings in the UK in 2009	2126593
c779b049-28f3-4daf-bbf4-0a40830819b6	EBCC Atlas of European Breeding Birds	1339711
169fa761-2fb9-4022-93bd-e22b7a062efd	PlutoF platform observations	1288808
ca435754-9190-4a87-9b2c-c21563898294	Données issues de Clicnat (Base de données naturaliste picarde gérée par Picardie Nature)	1285805
bfc6fe18-77c7-4ede-a555-9207d60d1d86	Waarnemingen.be - Plant occurrences in Flanders and the Brussels Capital Region, Belgium	1199926
87b6acb8-4db2-4769-93ca-e086040dfe14	Bugbase, Lepidopterological Society	1038437
1270b3c8-ff55-4b63-a407-dcd7e08cd23f	Dragonfly records from the British Dragonfly Society's Dragonfly Recording Network for the period up to 2014	1030501
52f2051b-c47e-403a-8e32-04b2f2273c20	Aranzadi Ringing Scheme (bird ring-recovery data)	956847
1f968e89-ca96-4065-91a5-4858e736b5aa	Waarnemingen.be - Butterfly occurrences in Flanders and the Brussels Capital Region, Belgium	899407
bd8ee748-4ae8-4956-98d9-c1b8e8b2b9c9	TAXA - Flore et habitats naturels de Franche-Comté	771546
84d26682-f762-11e1-a439-00145eb45e9a	Danish Mycological Society, fungal records database	726275
13b70480-bd69-11dd-b15f-b8a03c50a862	AntWeb	720912
dee8edc4-b19a-11e2-886d-00145eb45e9a	Floristic Databases of Mecklenburg-Pomerania - Higher Plants	710783
7f9eb622-c036-44c6-8be9-5793eaa1fa1e	Watervogels - Wintering waterbirds in Flanders, Belgium	681444
cca13f2c-0d2c-4c2f-93b9-4446c0cc1629	BugGuide - Identification, Images, & Information For Insects, Spiders & Their Kin For the United States & Canada	527723
ab47c4a9-4b6a-4d59-b846-899d9420f7d3	CRBPO : STOC, Baguage	497872
f3278405-0943-41a0-9f04-3a7733ec344d	Data collected on scitizen science web portal www.ornitho.cat	462986
115f45ed-4334-4144-b5c5-669027e9b191	Bird Atlas 2007 - 2011	458187
a7e947a1-15d4-43ab-a244-b4e7511e5423	Butterfly distributions for Scotland  from Butterfly Conservation and the Biological Records Centre	433024
6c7ea09f-a712-4dc5-95c6-59c4687e810d	RSPB Big Garden Birdwatch winter sightings in the UK in 2008	432456
f170f056-3f8a-4ef3-ac9f-4503cc854ce0	The Taiwan Breeding Bird Survey Data	384325
9a0b66df-7535-4f28-9f4e-5bc11b8b096c	Waarnemingen.be - Non-native animal occurrences in Flanders and the Brussels Capital Region, Belgium	380003
594e1181-c38a-4f44-b78c-ceab50351cca	National Trust Species Records	363305
a542665f-1b92-406e-8d92-072fcba576b2	Atlas des oiseaux nicheurs du Nord et du Pas-de-Calais	339243
baa86fb2-7346-4507-a34f-44e4c1bd0d57	Carnet en Ligne	335075
81c5a091-6e94-40db-a2a4-48f4de42d410	Broedvogels - Atlas of the breeding birds in Flanders 2000-2002	330046
f519367d-6b9d-411c-b319-99424741e7de	USGS PWRC - Native Bee Inventory and Monitoring Lab (BIML)	329917
52422715-c1db-40a0-ba16-b84a295d248a	Seasearch Marine Surveys in England	321633
2fd17f41-80ef-4c15-ac48-63ca89f4bb16	Coordinated Waterbird Counts	320784
ee74ecf1-7acf-4c5d-8dcb-43e09fae474c	Observatoire LPO Franche-Comté des espèces (oiseaux, amphibiens, reptiles, mammifères sauf chauve-souris)	303863
4645a9cc-e357-4630-8bd2-696bf6475850	Database for the Atlas of Freshwater Fishes	278568
bba60198-3eb5-4101-954d-3e2c87df4b73	Caddisfly (Trichoptera) records from Britain and Ireland to 2012	263438
c6bbb6ef-ad16-4f3c-99e2-f693760173e0	Estonian Nature Observations Database	251080
4ac5f415-6f44-43d0-a19b-2d91e5dcbe2b	Bird Conservation Targeting Project (BCTP) in the UK, archived data (2001-2010)	248496
8ae09016-b819-450e-b8f6-c1f249110502	ABV - Common breeding birds in Flanders, Belgium	235250
c3c56ab1-706c-4e7f-85f8-f6f860e203f2	Merseyside BioBank (verified)	231411
2d680d46-d783-4ea7-94b1-2556cd653e36	Phytochorologie des départements français	223486
e0b8cb67-6667-423d-ab71-08021b6485f3	Taiwan Moth Occurrence Data Collected From Social Network	214468
7f513bfc-f762-11e1-a439-00145eb45e9a	Atlas Survey of the Butterflies of Denmark	199307
6b3877d5-4869-43aa-af12-92c703fd5b6d	Marine data from Natural Resources Wales (NRW) Technical Support (Research & Monitoring) Contracts, Wales	179940
02abb9d1-7d81-42b3-ac9a-3b3d0c7a5280	Fungimap	162594
efb3f1a0-43d5-4ae6-a58f-4fd61043756a	National Trust for Scotland Species Records	158137
dad6253c-be06-4626-9b95-d48823137ced	Vogeltrekstation (NL) - Historical Data on Timing of Ringing of Nestling Birds	157978
5a1b62b2-4a1f-4404-b481-87836564d4a5	Miscellaneous records held by BIS	156524
0284b82d-cdd1-4d67-83bd-c8e42e988adb	Merseyside BioBank (unverified)	153570
25e3e8f1-86ee-440c-adfc-8e63759a6505	Données BioObs - Base pour l’Inventaire des Observations Subaquatiques de la FFESSM	150097
cf7d6c01-309b-4545-8319-3d53b1e8bfd0	Monarch Watch	145665
7f5e4129-0717-428e-876a-464fbd5d9a47	Waarnemingen.be - Non-native plant occurrences in Flanders and the Brussels Capital Region, Belgium	143497
cbc9dc02-6315-4daf-add2-d132ace4662c	Steve Lane – personal records and dataset for Warwickshire Coleoptera and Hemiptera	139155
86ade71a-3894-4f17-bcde-f5894bc5e0f7	Cranefly (Diptera; Tipuloidea) records for Britain to 2016	137398
3d6c8883-c29b-48f6-9fbf-9a5ad6ecbee4	Bird Conservation Targeting Project (BCTP) in the UK, 2006-2011	135656
e6d9a4a4-dbf0-4a3e-87c2-91b6af1f9771	Mammal records from Britain from the Atlas of Mammals (1993), with some subsequent records	133650
417f4d21-959b-4773-90a2-c38d1822d873	BMSM Bailey-Matthews National Shell Museum	127176
68fa8801-0b3e-400e-afa6-5ad08e0f1e4c	Ladybird Survey of the UK	123599
990e845f-836b-4467-bc5f-46c8495259ec	Seasearch Marine Surveys in Scotland	122870
6dc35c87-ff97-4708-9e45-6f764ddc1ef3	PollardBase	117169
869b574f-23eb-4575-a771-6ffd480dcdab	Suivi Temporel des Rhopalocères de France (STERF)	111099
cbd94c94-02ae-4c40-b5b5-ec7221f0482b	Grasshopper and Cricket (Orthoptera) and related species records from Britain and Ireland to 2007	110866
67e2335c-4303-4ee3-9bfe-ecfe65662629	National Mammal Atlas Project, online recording	108421
05a46222-b9ff-4162-a0e1-08bfcc5c6584	Wicken Fen nature reserve species data held by The National Trust	103317
ad005057-c4b5-4eb1-8b3f-8cdc7aaf994f	Monitoring Sites 1000 Satoyama Birds	103069
233ba471-91a2-47a4-9946-b7e844f2124c	Montgomeryshire Wildlife Trust records held by BIS	95238
8a6ca920-216c-4731-a892-f5132570d9ad	An 'as-complete-as-possible' Sussex Beetle Records dataset covering the period to March 2017	92465
54facf62-bf0c-43e7-9972-4fdc407fa6c5	Données photographiques validées de la galerie du forum "Le Monde des Insectes"	91655
2de58bfe-1bf1-4318-97a3-d97efc269a4f	臺灣兩棲類資源調查與教育宣導推廣計畫 Resources survey and education advocacy to promote for Taiwan amphibian resources	91356
958b1d2f-2d11-4e94-a828-c8e2d2c013ca	Waarnemingen.be - Orthoptera occurrences in Flanders and the Brussels Capital Region, Belgium	90476
9cee82bd-8963-4118-a38d-109e2a613ce2	Ornitho.eus	89762
216952bd-4392-4f48-bd5f-322486e2b35c	Coleoptera: Records for Kent	88866
84a649ce-ff81-420d-9c41-aa1de59e3766	ALA species sightings and OzAtlas	84150
82d23348-0fee-4e2d-9152-48136ef54b2d	Seasearch Marine Surveys in Wales	83337
f145c27d-b1c3-4136-85b1-c21674d2d1c3	Exotic plant occurrences in Wallonia	81889
2f59780e-3d77-403a-9437-9a560ea5f764	natagora-earlybirds	81329
cb429b64-d789-47bb-a7d8-379657c5e407	Dutch Butterfly Atlas 1995-1999 - De Vlinderstichting	79141
3fab912e-e927-4f1c-a97c-eb446cd609e0	ClimateWatch	77363
95ed1fa5-2923-4459-836b-11ad8cc4bf42	Mammals in MZNA-VERT: pellet sampling	73574
42319b8f-9b9d-448d-969f-656792a69176	Belgian Coccinellidae - Ladybird beetles in Belgium	72185
ce861efd-402f-4c10-a9fb-30ad0426bd15	Données de l'Observatoire de la Faune de Bourgogne	69319
95f572da-a3a9-4706-bccb-03521079a520	Birds of Norhern Eurasia	65917
7c44411b-0296-4634-9538-0ae43b10a38a	Norwegian Lepidoptera working group	65903
80df9ab6-fb28-422c-8b86-e92cf9bfdbf7	BeeWalk bumblebee distributions for Great Britain 2008-2016	65241
ac1a6843-ac40-4073-bfb1-8ffaa4b73b66	The First Atlas of Breeding Birds in Britain and Ireland: 1968-1972.	63985
37e094f3-dcf2-469f-93a2-c4b9b5fa7275	Waarnemingen.be - Hemiptera occurrences in Flanders and the Brussels Capital Region, Belgium	59081
6867ae37-74b8-43e7-805d-5dac0a6d447e	Atlas of Danish Mammals	57421
90eae6b8-57d2-4d24-8eb3-1dbde00f1669	NRW Regional Data: North Wales	56452
93f5be1b-c517-4a76-8cbe-6e81a5dd4f85	The First Atlas of Wintering Birds in Britain and Ireland: 1981/82-1983/84.	55690
928304f1-d313-47cd-b17b-0232bc27b727	Seasearch Marine Surveys in Ireland	55539
8bb6b7ef-553f-40a8-872b-c6a54ecf2f68	Reptiles and Amphibians Dataset	55056
662a5899-42ba-4ca3-b075-c51d45516ba1	Données Vigie-Flore	47121
76cc7230-76b6-4763-9caf-22626b29c0a6	Saltabel - Orthoptera in Belgium	46834
db09684b-0fd1-431e-b5fa-4c1532fbdb14	The Taiwan Roadkill Observation Network Data Set.	46416
80455677-4c00-4c3d-8290-446e459a9e9c	Water Bug (aquatic Heteroptera) data for Britain	45308
e351951e-32da-46d6-b61c-e9816d39e0d4	North Merseyside Local Species Data (DEFRA Grant 23169)	43928
80576d53-992a-41f3-a3e3-dfd0fa0242ee	Ireland's BioBlitz	43162
8539cd0e-f762-11e1-a439-00145eb45e9a	KWP Lepidoptera Collection (Arctos)	43040
5d784d06-fa1d-4f00-8cdc-663d04d26061	A common plants survey of vascular plants in South Northumberland and Durham, United Kingdom	42517
045d64f1-29e5-4b8e-a0e7-8d7bd6b4d1db	Aquatic Heteroptera Dataset	41887
77c3a178-a140-4a5d-87af-1f29e29f8330	Suivi Temporel des Oiseaux Communs par Echantillonage Ponctuel Simple en Haute-Normandie	41834
824c7e2e-d2fb-466f-bf1b-ee975f1f6956	Soldier Beetle and Jewel Beetle (Coleoptera; Cantharoidea and Buprestoidea) records for Britain and Ireland to 2000	40481
cbd241aa-a115-4856-af66-fac5cb90f2cc	Cartographie des Leguminosae (Fabaceae) en France	39957
66f6192f-6cc0-45fd-a2d1-e76f5ae3eab2	Diveboard - Scuba diving citizen science observations	36673
c0e410ad-0d01-49f3-a837-71982c0e0c32	TWIC Biodiversity Field Trip Data (1995-present)	34217
a8c8144a-3693-4d92-8bc4-49e00dd8defc	Survey and monitoring records for Scottish Wildlife Trust reserves from reserve convenors and Trust volunteers - Verified data	32266
19671673-994b-4100-89ed-dc4cc18e0adc	Données d'occurrences RLA Flore NC	31126
4797da32-5693-4281-a8f1-bf99bae66ddb	NSW Waterwatch	30324
3b8c5ed8-b6c2-4264-ac52-a9d772d69e9f	BIOWIDE eDNA Fungi dataset	30091
867b3fb8-f762-11e1-a439-00145eb45e9a	European Moth Nights	29876
be8970d8-8e56-4ba7-b09c-70e78457f465	Mosses and Liverworts: Records for Kent.	29482
c19a8f6e-c368-494d-942e-10108d8867a7	Canberra Nature Map	29120
82ab0954-f762-11e1-a439-00145eb45e9a	Bird Observational Records	26721
d8c540f5-bb74-4748-9634-034ccd8ec52b	Données de Mammifères enregistrées dans BazNat - Lot 1	26185
b660c51c-17cc-44e7-973a-bec13da75166	Heteroptera: Records for Kent	24970
6b76dc19-eb87-4ca2-b738-3727286f1818	Monitoring Sites 1000 Satoyama Mammals	24860
08360455-914e-4d02-809a-13e3cd8a8d21	Living with Mammals survey	24650
cbde2a70-7a85-4370-b240-09e0738f76f9	Big Hedgehog Map records	23819
d3484430-8876-11dd-986c-b8a03c50a862	New Zealand Biodiversity Recording Network	23593
6e09f9dc-0bf2-4c20-8ff6-bd898bbc4831	Radnorshire Wildlife Trust records held by BIS	23547
6f0597b0-54d4-4084-8d4b-339d5b806181	Hatfield Forest species data held by The National Trust.	22704
a899709f-9a73-4cac-84d8-a7dcc7b70280	Seasearch Marine Surveys in the Channel Islands	22471
f14f3ec9-c54a-477d-82c8-f7ba6925534a	UK Roadkill Records	21273
2b91dc29-e06a-4e2e-a85b-e7781b4f5d0d	Odonata records from Kent's County Dragonfly Recorders (1976-2005)	21242
491648cb-7e3a-42f4-8b86-fca1bcc82173	Brachycera (Diptera) records from Britain and Ireland to 1990	20891
2b2bf993-fc91-4d29-ae0b-9940b97e3232	Zomerganzen - Summering geese management and population counts in Flanders, Belgium	20416
e58dbe2f-cfc0-40c2-a04d-e45a7e876980	Natusfera Citizen Science Observation Dataset	19973
547f2b71-ba25-4254-aaf1-4823600e7784	Merseyside BioBank Active Naturalists (unverified)	19947
e3803a54-b4fd-46d7-ab67-ad8f6871fae5	sarce_rockyshores	19254
120b7285-b1e6-4653-ab30-8d4231ccc9bc	Cerambycidae Dataset	19127
67f85ce5-4cfb-45ac-b05f-cac763d0b838	Vigie-Chiro : suivi acoustique routier en Ile-de-France	18924
13558000-99a0-45de-8d3b-db87a578ace7	Wimpole Estate species data held by The National Trust	18305
ce1faba4-d8d9-46ac-ba26-cffe03eadc99	Upper Murrumbidgee Waterwatch	17362
b480871a-6c2f-4c35-ab94-6de203c4ff28	Merseyside BioBank Active Naturalists (verified)	17210
c45c8530-fd7d-4f30-a9e4-c6d243a4b404	Seasearch Marine Surveys in the Isle of Man	16582
04a041d6-bfa9-4efd-97f4-3a016e973f37	Lichens:  Records for Kent.	16580
f0c74a2c-4bd8-49d0-837a-92bb835fd2f3	Database for alien invasive plants occurrences in Germany	16506
37a1816f-d4fd-4d30-bf74-72ca5bf0eb90	Marine Species Records from Skomer Marine Conservation Zone (MCZ) Marine Monitoring Programme	16341
07609307-26f9-490f-89ea-4e74497e3c0d	Brecknock Wildlife Trust records held by BIS	16212
73846baa-cba6-48e0-94e0-9308dae5c6bb	Hedgehog records 2005-2006: Hogwatch and Rural Landowner surveys	16195
6d2c56f6-9643-429c-b4e6-c752f6a2602a	Lepidoptera Records up to April 2010	15964
e6c97f6e-e952-11e2-961f-00145eb45e9a	Anymals+plants - Citizen Science Data	15255
feb41318-374b-4ed6-b61e-0369993abedc	Sightings Map of Invasive Plants in Portugal	15245
b2d0f29e-4614-4001-93c8-f651878a86d2	Trekvis - Migratory fishes in the river Scheldt	14741
94c74198-9eaf-4b43-a349-0b566dcd648a	Invertebrate records from sites that are mainly across Scotland	14474
3f9cd7e5-6d7b-40a8-8062-a18d2f2ca599	Bird survey of Budai salt pans in Taiwan	14294
e8ce41f4-a58a-4ce9-90b7-93694071afcd	WDC Shorewatch Sightings	14199
6a948a1c-7e23-4d99-b1c1-ec578d0d3159	Tetraonid line transect surveys from Norway: Data from Statskog	13255
8124cd73-ac84-43d2-ab39-1d80dc346525	Waarnemingen.be - Fish occurrences in Flanders and the Brussels Capital Region, Belgium	12850
e0eb19aa-f73c-4e45-917e-d2d3c157ed92	Orthoptera & Allies: Records for Kent	12662
96c4aa76-f762-11e1-a439-00145eb45e9a	Danish Ants (Formicidae)	12147
6d5fced1-6e85-4d9e-88f4-e1459772d2fd	El Censo Neotropical de Aves Acuáticas en Colombia (CNAA): 2002 - 2011	11250
116f7655-c1cc-475e-a567-2f5f2b358f73	Derbyshire Red Data List Plant Records 1930 - 2014	11192
b5345830-c7b8-11de-b279-99d156ba6477	Irish Wetland Birds Survey (I-WeBS) 1994-2001.	10909
09efcc43-c674-4a70-b326-cd83f7463d1d	Occurrences of the invasive plant species Heracleum sosnowskyi Manden. in the Komi Republic territory (European North-East Russia)	10894
1c12eb6c-84b6-4db2-a8a8-8c297685e2eb	Observations naturalistes de mammifères en Nord-Isère. Lo Parvi	10767
82091a91-03bb-4af0-8fc3-e141ad1a6efc	Atomariine Beetle (Coleoptera) records for Britain and Ireland to 1992	10699
f530f789-58de-4b43-9f42-1292db1945cf	2005 - Ongoing United Kingdom MarLIN Shore Thing timed search results	10404
ad07ac5e-718d-40cc-8093-b61169b745ef	Shieldbug & allied species records, from iRecord	10399
5b580625-29f0-4911-be29-cf5b6496e538	Hedgehog Hibernation Survey records	10179
b6a04f9b-d449-43a2-9707-36260bdb25de	Kauai Invasive Species Committee - Pest Surveys - 2001-2011	10171
c709bf36-4964-4771-90f0-c6ba4b351620	Suivi Temporel des Libellules (STELI)	10110
6df4cdef-c55d-4a03-9055-3cbadcdd05aa	DASSH Data Archive Centre volunteer survey data	10006
1a20c977-7365-49d2-8100-5978d4e52234	Soldierflies and Allies Recording Scheme - data verified via iRecord	9931
35752720-9dc9-40ce-aea5-63915e8aeb0e	Derbyshire Invasive Non-Native Species (INNS) 1900 - 2014	9877
f794b231-42de-4008-ba8e-809e01ee7785	Great British Bee Count 2018 verified data	9863
f8f4c490-8ab3-4e27-b871-944fb807bc1b	White-tailed eagle reintroduction in Scotland, 1975 onwards - Sightings data	9396
5accf920-492e-4641-9ba2-11481c116419	Highland bird data 2002 - 2003 - non-breeding records	9054
2aaf8ea9-0460-41d2-a651-3583479947c6	Actualisation de la cartographie des Ptéridophytes de France et d'Europe occidentale	8881
b8866a8d-adc7-4a3a-887b-e59f830bb988	INNS records held by BIS in Powys and Brecon Beacons National Park	8749
44c73c0b-662e-41e7-8eee-4754a8592a27	Bird Conservation Targeting Project (BCTP) in the UK, archived data (2001-2010) - sensitive records	8585
f49dd893-1e91-4ce6-9aa7-e1047ffee557	ZMMU MSU, White Sea Branch	8111
9dbb55ce-0b38-4468-9172-40c8481edd2a	Monitoring records of plant species in the Hakone region of Fuji-Hakone-Izu National Park, Japan, 2001-2010	7971
e2bc2f00-62f3-4fd4-b9f3-89c030bca07a	Vleermuiskasten.nl - Bats in bat boxes in The Netherlands and Belgium	7886
039ece6c-1e6d-4441-8392-43ab8bb29c47	Ad-hoc Bat Records from Across Wales	7863
acd3e0ac-cfb0-41c1-827b-f831c4b5b57d	Ickworth Estate species data held by The National Trust	7683
4273f8ff-73c6-4791-89dc-b64f47b7416a	Natural England bat roost visit records from 2013 onwards	7413
cce01da5-fba8-4fd9-ad28-ec7a82e14f31	Pseudoscorpion Recording Scheme of the UK	7328
669ecb52-bfbe-4220-99c7-bafc643df32e	Kingfisher Survey 2010	6883
60807e2a-422e-48a4-b79d-eeb35820a8bb	Mammal assemblages recorded by camera traps inside and outside the evacuation zone of the Fukushima Daiichi Nuclear Power Plant accident	6860
ba84601e-4470-4de5-ae07-02431ac322ab	Land molluscs:  Records for Kent	6795
f1a4ce9a-97cd-4d35-bf5e-561f2f1c6d91	Xerces Society - Bumble Bee Watch	6528
bde5b63d-8664-4632-bc8b-d06653b09b22	DBRC Arvicola amphibius records 1925 - 2016	6451
de8221ff-6110-46e3-aec4-b61133f5b38c	Big Bluebell Watch 2018	6444
258c9ce5-1bda-4001-a192-347c9e7fb186	Invasive species - Chinese mitten crab (Eriocheir sinensis) in Flanders, Belgium	6250
51e25910-c7b5-11de-b279-e8b0507c4765	An Atlas of Breeding Birds of the Burren and Aran Islands 1993 - 1996	5913
faf313a1-9ae4-43f4-bfc9-974281feac0e	RAVON (NL) - Network Ecological Monitoring Reptiles	5625
a2e308bf-e9ec-4651-906e-956c963df0ca	Photodocumentation_of_Antarctic_Peninsula_Lichens	5420
2c12acd9-1600-487d-a809-2c2743381112	Ontario BioBlitz Species Records	5414
138cc86a-61be-4e89-86a7-737086398cbf	School of Ants	5403
2deeb3ad-0390-4d2c-9623-c5abc6610b08	Dutch Mammal Society (NL) - Mammal observations extracted from historic reports	5368
d85e9305-e0e5-4e95-b7b0-e87a0488db85	Enquête nationale participative sur l'écureuil roux	5203
eabe9306-fd68-4140-83fc-554da92e6268	Données de mammifères enregistrées dans BazNat - Lot 2	5071
c4e54359-1ee7-4fe4-a768-e17da314784e	Dartford Warbler national surveys in the UK	5043
2ae1fe04-6f12-4766-bdee-50e5b2dc1148	Species within North Ayrshire from 1984 - Present	4804
11314af8-aad0-4414-a961-e91b88fd4abb	DASSH Data Archive Centre volunteer sightings records	4681
99ce2b9e-816a-47a7-ad68-b2915763a576	Enquête nationale sur les écureuils de France	4636
4fac6de9-a3ae-4334-809c-89d7a56e0d06	RHS Box tree moth (Cydalima perspectalis) monitoring	4447
84df82e3-99a3-4150-aea2-e2d2e159c749	Capture Mark Recapture Data for Scottish Elasmobranchs: 2009-2018	4107
84cca7ba-f762-11e1-a439-00145eb45e9a	ConDidact Citizen Science Surveys - Spiders 2004 Butterflies 2005	4084
1fef1ead-3d02-495e-8ff1-6aeb01123408	Mosquito Alert: Tiger Mosquito Dataset	4030
58aa0748-bdac-458f-99f6-cf39f2e15bc5	Fish:  Records for Kent.	3641
9ebeccc1-895b-4751-9c56-90f646b8b303	Natural Resources Wales North Wales Bat Roosts	3637
7aa24e43-257b-44b6-ab4d-695372f2e3f3	Bird Conservation Targeting Project (BCTP) in the UK, 2006-2011 (sensitive records)	3578
8b0588e2-6852-4553-951d-90c01eaaf90b	National Plant Monitoring Scheme - Northern Ireland	3463
3184ffaf-a7d3-4498-a8f9-3f1e0e45e1e9	National Earthworm Recording Scheme Records (Great Britain)	3281
744505cc-d9a7-4b00-a3cb-77826a46614b	Hemiptera: Auchenorrhyncha:  Records for Kent	3253
11a24c97-653b-4e4c-a524-a4c06ffab25f	Scottish Beaver Trial observations, Knapdale, 2009-2014	3231
8b708d1a-3021-4cfd-aa17-f9696317292b	ConDidact Citizen Science Surveys - Snails 2015	3124
626fca6f-8590-478b-a662-b9c82afad2b5	Grasshoppers, Crickets and Allied Insects (Orthoptera) of Ireland	2984
d89c884f-0661-4ceb-a531-ceae2374b915	Enquête participative "Lichens forestiers d'Auvergne et du Massif Central"	2887
b3d40286-603b-47ee-bcaa-e829c383675d	National Parks Association of NSW Great Koala Count	2813
cb6e66f1-3056-404d-a341-bb856762c57c	My naturesounds - nature observations with sound recordings	2684
821765c9-59dc-4310-9970-d82c2eb9eff7	Survey and monitoring records for Scottish Wildlife Trust reserves from reserve convenors and Trust volunteers - Unassessed data	2676
2ce65268-cf51-4ecb-bb36-ce615564c255	PondNet data 2012-2014	2673
9d2d0ec1-bc13-40df-a6ff-6df727cc42b5	Anglesey Abbey wildlife species data held by The National Trust.	2632
196e6026-9979-46fa-a260-95a91336d095	Données du Réseau d'observateurs des mammifères marins en mer de la Manche	2626
db0a80b1-f4cc-4a48-a079-f293acb5a043	ConDidact Citizen Science Surveys - Spiders 2014	2592
b66c629e-b878-4b26-960d-7c0103b025c7	Marine Non Native Species records from Natural Resources Wales (NRW) Monitoring Research and Ad-hoc Sightings	2561
c4a764e4-8455-425b-b553-253f9f9dfbac	Yorkshire Naturalists Union Marine and Coastal Section Records	2467
98e0629a-678b-4bec-98ef-fb097262bf18	Waarneming.nl (NL) - Great Grey Shrike Count 2011-2012	2462
ebdc9eed-2673-43fc-a4e9-f80de9a68bcb	Dutch Mammal Society (NL) - Mouse observations of life trap studies extracted from historic reports	2377
c2e643bb-cf05-4089-b6fe-b3389b5d1c44	Waarneming.nl (NL) - Great Grey Shrike Count 2008-2009	2373
f03ae1bb-de27-45ea-bc58-4911e17d308f	Wildwatch North Pennines AONB project records for Cumbria	2320
fb7d56ee-11aa-454f-8542-89e2ce0fa976	BV Insectarium Virtual	2309
0a7c5a4e-db9b-4349-a793-ef4b3ef9e025	Back from the Brink vascular plant species abundance and distribution for Great Britain for the period 2002-2009	2199
85e79b82-f762-11e1-a439-00145eb45e9a	ConDidact Citizen Science Surveys - Snails 2006	2174
c35d6000-c7b8-11de-b279-9fe72ba677dc	Otter Survey of Ireland 1982	2166
6ec63232-a552-4c8d-9932-5caecefdace4	Waarneming.nl (NL) - Great Grey Shrike Count 2007-2008	2157
78ba4493-432d-4458-8696-7901cbe5e113	BioBlitz Barcelona 2010-14	2099
4b75c0ac-f7c4-4883-942d-d1dfe6939754	ACT and Region Frogwatch	2089
846296d6-f762-11e1-a439-00145eb45e9a	Butterflies and Skippers of Alberta Project	2042
202af80e-3bd1-4856-9f67-833588872230	Local BioBlitz Challenge 2013	2009
b22bebf8-8b6b-4a45-949a-e0cc70d4ccd7	Seabird 2000	1990
2f3751bd-f348-4dd0-bec3-61053f43d211	Lapwing Recovery Project, South West Scotland, 2006-2009	1947
fcd8414a-9d49-492c-ab63-17b55aa05b95	Reports of New Zealand Flatworms in Scotland, 1989 - 2005	1936
e04b3c0a-79a8-4df6-91f9-8ca5fb52d41c	Heigham Holmes species data held by The National Trust	1849
f351577b-9f46-4130-accf-41d55c3ed508	Centro de Recuperación de Fauna Silvestre "La Tahonilla". Cabildo de Tenerife	1761
2912f89b-4104-4dd7-a5fc-bbe45884cdbc	DBRC Reptile Records 1950 - 2015	1758
f305217e-aed5-4b03-b0a1-7d69ff760d35	Données Rhopalocères de Cistude Nature (Mathieu Molières)	1749
d8144310-c7b8-11de-b279-97e3db606fab	The Gibson spider collection	1709
8442816f-cf5f-4c21-9d3d-5c368b4006d8	Healthy Waterways Waterwatch Program	1705
c5645d41-0978-4f99-89f5-317351335fef	Waarneming.nl (NL) - Great Grey Shrike Count 2012-2013	1701
4eb871a4-6dc4-4db6-abf2-3ab553a41008	Field Study Group of the Dutch Mammal Society (NL) - 2005 - Mammal Survey Pol'ana Biosphere reserve, Slovakia	1696
64ec1ba4-08d4-46ef-b40a-68965728e182	HerpMapper	1695
8a0e70b1-dd09-4c74-85f1-68554108ba7b	Great Eastern Ranges - Slopes to Summit	1651
a1bd8c5d-cfb3-4d55-943a-cebcd6c32be6	Diptera, NEF	1636
b6da6358-dd77-41fe-848e-1383f14a9ffb	House Sparrow Parks Project, London, 2009-2010	1627
7efaf3c5-bd1a-42b9-852e-fd39fbc6c5b8	Richard Staniforth Herbarium (UWPG)	1485
6aebb29a-4dcd-41cb-be99-e08865e422d8	MangroveWatch	1468
5024b47d-c401-4543-9780-8890ae6d1e13	Waarneming.nl (NL) - Great Grey Shrike Count 2013-2014	1458
2488cd13-4f80-479c-ae54-257de312054e	A nest-site survey of Barn swallow at railroad stations in the Kinki District,south-central Japan	1374
1a83ba26-a32f-4474-9e86-4d3cfd6c7e0e	DBRC Triturus cristatus records 1970 - 2015	1367
febe3d7b-59a7-45c1-abbd-bd610e85823b	Sepsidae Recording Scheme - records verified via iRecord	1308
4ea0d3ad-eab4-4c2c-87b4-8247eae6cec5	Waarneming.nl (NL) - Great Grey Shrike Count 2014-2015	1299
864eb98e-f762-11e1-a439-00145eb45e9a	ConDidact Citizen Science Surveys - Amphibians 2007	1286
be212283-072e-4e50-b938-689e3c82f5c6	Yorkshire Wildlife Trust Shoresearch	1265
70f6c067-ea99-4acc-9fd0-ae4c53dffcc0	Waarneming.nl (NL) - Great Grey Shrike Count 2010-2011	1257
8e2961c9-5996-474b-9bfc-90370e04448b	Ecological surveys from Bardon Hill undertaken in the period 2000 to 2007	1254
2b3a8ad6-c040-4105-9eae-cfdf0003cf88	Freshwater fish records via iRecord	1233
1897eef5-1e10-4842-97f7-cad98925b59d	Dutch Butterfly Monitoring Indexes	1219
3cc1bf3e-e503-4d2a-9b23-a54b9269ebbe	DBRC Lutra lutra records 1952 - 2016	1174
f240817c-23f3-4a8f-b32e-97833663fd4d	Programme national de science participative sur la Biodiversité Littorale (BioLit)	1123
fd1a7c99-f7b8-4887-b36c-5bdbd13eae3b	Field Study Group of the Dutch Mammal Society (NL) - 2007 - Mammal Survey Estonia	1120
9cbcf2b3-448f-48ce-9510-39e25c6234a8	Field Study Group of the Dutch Mammal Society (NL) - 2003 - Mammal Survey Alvao Natural Park, Portugal	1051
d435e038-1f0a-4007-9429-4e55e71428e7	ConDidact Citizen Science Surveys - Spiders 2011	1031
94d8f41f-7204-4a89-82ae-e337710dd543	EEIKO Base de datos sobre plantas invasoras	1026
68724de6-4ce3-405e-b76f-f5814712cfb9	Highland Breeding Bird Data 2002 - 2003 - sensitive breeding species	1024
38f97143-922d-4ec0-a6e5-75e51a77890a	Field Study Group of the Dutch Mammal Society (NL) - 2008 - Mammal Survey Muntii Padurea Craiului - Apuseni mountains, Romania	948
a3ad1858-32f3-4cbe-9b9d-df772e2d18b1	Seasearch Pink Sea Fan, Eunicella verrucosa,  Survey	870
30ac77b7-9434-4eec-84c3-52b507ee9b8b	Field Study Group of the Dutch Mammal Society (NL) - 2004 - Mammal Survey Rakitovec, Slovenia	857
9f1c80ed-aa0f-4c7c-8679-6a31467d8fe4	Waarneming.nl (NL) - Great Grey Shrike Count 2009-2010	852
37867d84-1143-4378-ac6f-95e5e19650e9	Vanuatu dugong sightings recorded during CMS dugong catch / by-catch standardised questionnaire 2015-2017	849
c671d43f-7fb9-4b5a-a964-630bfbf47dd2	A crowdsourcing approach to collecting photo-based insect and plant observation records	843
66f39e15-e74d-491c-b5d2-397cd6bad884	DASSH Data Archive Centre expert sightings records	826
c84310f0-a629-47ff-96b5-51373acdfdcc	Ville de Trois-Rivières - Bioblitz 2012	813
84149905-2fc7-4cc6-a9c8-f4186e0a62a8	ACT BioBlitz	789
dce533af-6a50-4d6b-900b-7c60fb709559	Bittern Annual Surveys in Britain 1990-2011	781
31cc8b55-0455-4faa-aa50-e135d1dcacf0	SharkBase	718
465e33dd-59ec-4e55-b2c0-1edde45d757e	Redland City Council Citizen Science Portal	717
d9870517-1d50-45f0-831c-a783922c22d3	Enquête DREAL Auvergne Ecrevisses	717
5ba69a5d-a3f6-4e4e-bbf6-52ebf7dc47b3	Field Study Group of the Dutch Mammal Society (NL) - 2012 - Mammal Survey Galicia, Spain	690
a3d5f6ba-034e-4167-bd8a-1fb80018ae61	ConDidact Citizen Science Surveys - Ladybirds 2013	682
ef7e0d45-c59f-4f48-afa3-53d9f545de56	St Andrews BioBlitz 2015	682
82e3cee7-c06b-40ae-ab30-b3c911a2b713	Données de l'enquête Escargots de l'ONEM (onem-france.org)	661
7bb5d1e3-ee8d-4a96-97cd-bb8f56dc6375	Stoats in Orkney: records & sightings reported to SNH, 2010 - 2015	656
8a309be4-939e-4874-a6ba-6ebee4ebeaac	OPAL New Zealand Flatworm Survey - flatworm sightings	626
3a47d44d-de57-4332-adb2-999e70e28960	DBRC Austropotamobius pallipes records 1960 - 2015	618
07f6c820-16ba-49a8-81af-72f7028b6d04	Urban Roots Malls Mire Invertebrate Records 2014	612
241f9bd4-613e-4050-9fe0-2ff44b526c84	St Andrews BioBlitz 2014	589
2fce3ac5-5bd1-4c11-82c8-68bfb937399a	Bioblitz 2013 Copenhagen Denmark	582
91a7ba5f-1090-45f6-9e71-48b0bce5ab63	Invasive Non-native species data in the Clyde catchment, collated by Central Scotland Forest Trust	564
f76041b1-53f6-448d-a2e1-4302bf80c93c	Cnidarians of Iran	555
3eb94dd5-c5d2-4a55-947c-7a4d3535ced8	Bioblitz 2014 Kalvebod Fælled, Denmark	554
c04a8bc5-eccd-432c-b9b5-e86552e2a7f5	New Zealand Flatworm (Arthurdendyus triangulatus) records for Scotland 2008-2014	551
eda0e170-a39f-44fc-9c03-cce4f7417df7	The Wildlife Information Centre - BioBlitz Events	549
aaebba56-769a-4564-9b66-a7f4b566e25b	Field Study Group of the Dutch Mammal Society (NL) - 2013 - Mammal Survey Western Rhodopes, Bulgaria	495
5fe8fc90-ed14-46c3-8bac-9dbd2d4b92d7	St Andrews BioBlitz 2016	494
683957d7-7bb8-44da-bdc1-8d61a41d2b7b	Pez León en Venezuela	482
95f5b4eb-e696-48a9-8f00-7d1b0b4ed516	National Water Vole Monitoring Programme (NWVMP)	471
6d66d064-0f02-4441-95fc-a83840c7f8ff	IASTracker. Invasive Alien Species database	459
4d4e7415-5800-4d8b-8d4d-6de938e8d38c	Species Records for John Muir Trust Properties 2007-2009	450
4896f82a-ff72-4d14-bf2a-780b86ab03f7	NSW Bird Atlassers - Field Data	432
576c0061-40a6-46fa-8f95-a425eef87893	Field Study Group of the Dutch Mammal Society (NL) - 2011 - Mammal Survey Biokovo Nature Park, Croatia	424
85eb6fc8-8e95-4621-9fe0-661d483ac614	Lady Beetle (Coccinellidae) Records Comprising the Checklist of Vermont Species	387
dc2d2c19-92b8-485d-802d-f7c8f1d2055f	Enquête DREAL Auvergne Bivalves	379
85f86f01-b572-467e-98c4-6ca2027be5f0	ConDidact Citizen Science Surveys - Snails 2012	338
e13faa2d-3cd9-4716-aeb1-1a489d9b69b4	Antarctic fish by-catch observation during krill fishing cruise onboard polish trawler Dalmor II (March to July 2011)	329
bc94931c-4197-42bd-9cac-32c09e3959f3	Field Study Group of the Dutch Mammal Society (NL) - 2010 - Mammal Survey Patvinsuo National Park, northern Karelia, Finland	319
806df471-8b78-4166-a186-ba07c7c957ec	Field Study Group of the Dutch Mammal Society (NL) - 2006 - Mammal Survey Galicica National Park, Macedonia	318
9cc95cb1-d97a-4c35-9d0e-5de8a6e2f134	Hymenoptera, NEF	316
557146f2-4f90-43ad-a2eb-c4f9ace7a2df	ACT and Southern Tablelands Weed Spotter	270
5e6b1784-7ade-4542-a61f-8adf9bfb0b7b	Données de mammifères enregistrées dans BazNat - Lot 3	258
688e9ab9-d010-4691-96e0-80ca29323a57	City of Edinburgh Natural Heritage Service - Natural Heritage Service Data	255
710f72d0-2b22-452d-89ac-462164a9a369	Stoats in Orkney Facebook page records & sightings, 2014 - 2015	246
c01ddb0f-b7e4-4723-b630-7e0c2217230e	2017 North Devon Area of Outstanding Natural Beauty (AONB) Combe Martin Devon Bioblitz	242
dd946360-820d-4959-a752-77ed01cdc661	Species Surveillance Project	237
d4368fa0-ffbe-4cb8-8e32-7bb902e3656d	Data on cetacean strandings (1999 - 2014) on the Ukrainian coast of the Black Sea and the Sea of Azov and adjoining areas	227
9566b8fc-3f1d-472b-b037-7ceb5e4e94f9	HeathNet data	204
f6637736-f04e-4361-87a0-541e08a8a8d3	Data on cetacean strandings on the Ukrainian coast of the Black Sea (2017)	169
30d18e81-2b7a-40ed-828a-72a1c7f585c4	Redshank nesting on saltmarshes in Britain	166
4fa0d1fc-ad2f-4c0d-b716-278693f91afc	Species Records for John Muir Trust Properties Nevis, Sandwood, Quinag and Schiehallion 2010.	164
172149d2-2dc0-43fb-a7b1-57e3e4ec34a2	Powdery Mildew Citizen Science Survey, UK, 2013-2015	157
19016860-06e5-4bd9-ae82-4eed1b39007e	Bringing Reedbeds to Life Amphibian Survey of two key reedbed sites in England in 2010	115
9cf65d8e-f5ee-4e52-a88a-ab16c4bb78de	Tree sparrow recovery project summary data, North West England, 2004-2010	114
6de6a7d6-95ce-40b8-a569-43b127a57bc5	Suivi de la distribution et de l'abondance des lamantins	103
fc8c35b2-cf16-48c0-98cb-472c02452d4c	Twite national sample survey in the UK in 1999	98
2e4f4ed1-77d0-4ee2-a895-6f894d3fcc13	Records of Giant Silkmoths (Saturniinae) from Vermont Collections and 2002-2007	87
b5ae9525-5de3-438c-b4c0-3d3257f4bea2	Bringing Reedbeds to Life Water Vole and Mink Survey of five key reedbed sites in England in 2009, 2010	71
6378806e-388e-4293-b7f4-775548da77b3	Birds occurring at Namitete farm, Mchinji	51
1864778a-0d5a-4b59-9396-33fdf6539b65	Tarrangower Cactus Control Group	46
23db4323-6471-4e16-b8d5-aeb8c59cbfac	Inventario de Herpetología en el Área Sujeta a Acuerdos de Conservación Voluntaria Quebrada Aguazula, Rincón del Soldado, Yopal	40
3b74ac9f-b90b-4113-969f-a489a5aa11fc	Suivi des reptiles en forêt du Madrillet	39
04234973-a68a-4c56-a786-c6c7da0efe21	Spotted crake national survey in the UK in 1999	31
d18e2338-0455-48b3-a85a-bd5e8de66b75	Seasearch Crawfish, Palinurus elephas, Surveys	28
d91b392e-bb9d-4fb2-99d8-6053e1ade94f	Observations of the emergence of Fijian cicadas in September 2017	15
7b9521ef-988f-45eb-9c89-b8528a7debc1	Bush Blitz aids description of three new species and a new genus of Australian beeflies (Diptera: Bombyliidae: Exoprosopini)	4
d1a8a72f-658d-4996-8ae5-43ce336d9eb4	Données naturalistes (Rhopalocères et Zygènes) de Nicolas JEAN (données récoltées en tant que bénévole)	2
56b1a75f-6bf7-47ff-bcdb-a4d402172b1d	Registro de Ateles belzebuth (mono araña) en el municipio de Yopal, departamento de Casanare	1
02131297-7f17-4eb7-aeb6-9692ac6d5ea1	Rossendale Ornithologists' Club - ROC RSPB Farmland Species Survey Dataset	0
04e5adc3-28c6-4589-b48a-36b4c8609b40	IWDG Constant Effort Cetacean Sighting Scheme	0
0c8b3534-7666-44bb-9dc0-913834eb04f0	NDFF Botanical roadside monitoring	0
1eb5d9c0-2e4c-11de-909a-b8a03c50a862	Finnish Entomological Database: Heteroptera	0
228491dd-bd53-4cde-a91e-378092cf90cf	NDFF ANLb monitoring for amphibians and fish	0
313f597d-32cd-4389-9f27-5966e3444d53	NDFF Beetles of the Dutch Habitats Directive	0
333e2382-51d2-4c9d-93cf-ff46288ad1b9	MISE Project Otter Records, 2011-2015	0
3697fec6-b46c-4976-a7c2-417188574dcf	Irish Vascular Plant Data - Paul Green	0
3b823447-b6b3-4424-80ae-643e877a1c8d	People's Trust for Endangered Species - Hedgehog records 2005-2006: Hogwatch and Rural Landowner surveys	0
3cf84bf6-5a7b-4abe-89ef-b16eaef2fa3c	Nottinghamshire Biological and Geological Records Centre - Nottinghamshire Biodiversity Action Group Brown Hare Survey	0
3f0bfe27-b8d7-459e-8b83-1abc57aa669c	People's Trust for Endangered Species - Hedgehog Hibernation Survey records	0
432b3389-4758-4b14-bae1-617e4463cd73	Road Kill Survey	0
4764db32-05c6-4ac3-a648-670db5de9d37	IWDG Casual Cetacean Sightings	0
516bb920-2e4c-11de-909a-b8a03c50a862	Finnish Entomological Database: Hymenoptera	0
555dfae5-6a38-4db5-ac80-58d9b5626e29	National Bat Database of Ireland	0
57b39cb1-45e9-4444-9eb3-9c489e94d63e	NDFF Monitoring wintering bats	0
5c5e17e7-fbc1-4452-ac55-b8876e10e289	Observations opportunistes de mammifères marins de l'observatoire PELAGIS	0
5d4911e4-8c8e-41cb-97ff-d80b2f11a4cc	NDFF Hazel dormouse survey	0
5ee22017-b870-4d04-95c6-13e335b7f032	ECOCEAN MantaMatcher	0
5f83f1a9-05dd-41df-96fd-743d6f50c111	MISE Project Waterford Otter Records, 2011-2015	0
616efc67-5aba-49f7-914d-8c2c8e217858	NDFF Distribution survey Eurasian beaver and Eurasian otter	0
66ca4356-bdef-4de4-b5d0-c1b6d69b7fff	Seasearch Crawfish, Palinurus elephas, Surveys	0
68705ca0-5e04-4518-aec3-d6829d003570	Ireland's BioBlitz 2012	0
69fe6f86-b594-4521-8ae1-4b1d4b7ed620	Botanical Society of the British Isles - Demonstration set of data downloaded from the BSBI threatened plant database	0
711d6639-7d82-4282-aac5-c901ac280d75	OPAL National Soil Centre, Imperial College London - Earthworm species and associated soil parameters for OPAL National Survey (England only) compiled March 2009 to April 2011	0
723c4647-5916-4575-a9bb-a0ea15852f8d	Spiders of Ireland	0
73c32d08-e30f-476b-8d65-e661a9df0c3c	The Flora of County Wexford	0
78d49398-9309-4c93-8ebf-9e16e4ffbd5b	Lichens of Rocky Seashores	0
7bc261a0-c7b8-11de-b279-bb42b9ac878e	BSBI tetrad data for Ireland	0
7d28fe9c-190a-43ab-bdf8-a7235490bbf4	NDFF Amphibian monitoring program 2015	0
7ff7a20f-f3b8-4a25-9057-069ae3417c49	Lothian Wildlife Information Centre - Lothian Wildlife Information Centre Secret Garden Survey	0
820177a0-2e4c-11de-909a-b8a03c50a862	Finnish Entomological Database: Trichoptera	0
827a08ae-f762-11e1-a439-00145eb45e9a	National Butterfly Survey of Finland	0
8325e0d4-f762-11e1-a439-00145eb45e9a	FrogWatch Canada	0
84606c08-f762-11e1-a439-00145eb45e9a	Lepidopterists Society Season Summaries 1973-1997	0
884cb99c-95a0-4dac-94dd-d57dc509c560	Eremaea	0
96c6e82c-f762-11e1-a439-00145eb45e9a	DOF 2001-2006	0
9db7cf84-85b0-4fe9-b3a3-2bf622ad4fcc	MISE Project Roaringwater Bay Otter Records, 2012-2014	0
9df997ea-5549-45a9-b42f-ff8a308ccbf6	NDFF Monitoring bats in attics	0
a416dc00-2e4b-11de-9099-b8a03c50a862	Finnish Entomological Database: Coleoptera	0
a8702089-c388-42ea-aea8-8c0c1ba19193	Nottinghamshire Biological and Geological Records Centre - Nottinghamshire Biodiversity Action Group Himalayan Balsam Survey	0
a8742f30-c7b8-11de-b279-ebdd43e85d4a	Irish National Frog Database	0
a8d08280-1def-11de-be11-b8a03c50a862	Finnish Entomological Database: Lepidoptera	0
ad2e51d0-1e04-11de-be11-b8a03c50a862	Finnish Entomological Database: Blattodea	0
b0dacaa0-6511-4d21-9d55-129bc400831d	Nottinghamshire Biological and Geological Records Centre - Nottinghamshire Biodiversity Action Group Japanese Knotweed Survey	0
b4e21aec-30ff-4867-8503-2bf8de3a4fe7	TESRI-FB-EnjoyMoths	0
b70121ef-b7ea-4316-a05b-abdf30f5ca09	Wildlife Sightings	0
bc1bc7d8-8f63-46ae-bdae-f34d8f3d3c75	MISE Project Killarney Otter Records, 2013	0
bd92e852-0fec-4679-82c2-b7e4ba66c48e	The Flora of County Wexford	0
be2af664-2990-4153-99b5-d92bbd8cdb0e	Tiira information service	0
be7ebcf3-6053-4e00-9c07-989cf2d56b2d	National Newt Survey	0
c10dfc42-db10-49e9-9b32-2fcaabbecb92	Flora of County Cavan	0
c585e6fb-fd76-426e-ae01-a32dc9de5689	Atlas of Mammals in Ireland 2010-2015	0
cb0ad417-bdca-4d5e-a624-811b50f02860	NDFF Molluscs in EU Habitats Directive	0
ce2583cc-da9e-440f-8811-44a1f8230484	Marine Conservation Society - Seasearch Marine Surveys	0
cfbc0f8c-e6c6-4634-b012-9bf20c22e50d	OBSERVACIONES DE CIENCIA CIUDADANA	0
e2929e2d-e162-4767-b53e-13d839d36d1a	The Second Atlas of Breeding Birds in Britain and Ireland: 1988-1991	0
ed923320-2e4b-11de-9099-b8a03c50a862	Finnish Entomological Database: Diptera	0
f0f8e840-1df9-11de-be11-b8a03c50a862	Finnish Entomological Database: Araneae	0
f648085b-8e1c-4a79-bc8d-f45d36296564	Fish monitoring data in Lake Kasumigaura	0
fdf097eb-1576-47dd-9b79-1943be6e75ed	2011 Breeding Bird Survey of Taiwan	0
fe6d1c27-5284-402f-a57a-55727ee3f981	The observations of the Great Bustards and Baiji dolphin in China of the year 2018	0
fe95dd88-c8dc-4e09-804e-c36dd22de761	Whale and Dolphin Conservation Society - WDCS Shorewatch Sightings	0
ffc8f6a2-0bb4-45c5-a978-9064a52c5e02	Butterflies of County Waterford	0
